{"cameraMode":{"drawMode":0,"name":"Shaded","section":"Shading Mode"},"sceneLighting":true,"audioPlay":false,"sceneViewState":{"m_AlwaysRefresh":false,"showFog":true,"showSkybox":true,"showFlares":true,"showImageEffects":true,"showParticleSystems":true,"showVisualEffectGraphs":true,"m_FxEnabled":true},"in2DMode":false,"pivot":{"x":7.540687561035156,"y":-2.6829328536987306,"z":2.0255813598632814},"rotation":{"x":0.22568120062351228,"y":0.38909947872161868,"z":-0.09903043508529663,"w":0.8876929879188538},"size":16.886825561523439,"orthographic":false}